{
  "version": 1,
  "author": "Bhanu Prakash",
  "editor": "wokwi",
  "parts": [
    { "type": "wokwi-arduino-uno", "id": "uno", "top": 0, "left": 0, "attrs": {} },
    { "type": "wokwi-hc05", "id": "bluetooth", "top": -70, "left": 0, "attrs": {} },
    { "type": "wokwi-relay-module", "id": "relay", "top": 70, "left": 0, "attrs": {} },
    { "type": "wokwi-led", "id": "led", "top": 140, "left": 0, "attrs": { "color": "red" } },
    { "type": "wokwi-resistor", "id": "resistor", "top": 160, "left": 70, "attrs": { "value": "220" } }
  ],
  "connections": [
    [ "uno:5V", "bluetooth:VCC" ],
    [ "uno:GND", "bluetooth:GND" ],
    [ "uno:RX", "bluetooth:TX" ],
    [ "uno:TX", "bluetooth:RX" ],
    
    [ "uno:7", "relay:IN1" ],
    [ "uno:5V", "relay:VCC" ],
    [ "uno:GND", "relay:GND" ],
    
    [ "uno:8", "led:A" ],
    [ "led:C", "resistor:1" ],
    [ "resistor:2", "uno:GND" ]
  ],
  "dependencies": {}
}
